cell_line_RBP	region	up_peak	up_no_peak	down_peak	down_no_peak	background_peak	background_no_peak	peak_caller
HepG2_AGGF1	upstream_intron	0	3	0	3	41	37368	IDR
HepG2_AGGF1	exon	0	3	0	3	33	37376	IDR
HepG2_AGGF1	downstream_intron	0	3	0	3	49	37360	IDR
HepG2_AGGF1	upstream_intron	0	3	2	1	3404	34005	iCount
HepG2_AGGF1	exon	0	3	3	0	5142	32267	iCount
HepG2_AGGF1	downstream_intron	0	3	0	3	3273	34136	iCount
HepG2_AGGF1	upstream_intron	0	3	0	3	573	36836	pureclip
HepG2_AGGF1	exon	0	3	0	3	833	36576	pureclip
HepG2_AGGF1	downstream_intron	2	1	0	3	557	36852	pureclip
HepG2_AGGF1	upstream_intron	0	3	0	3	692	36717	pureclip_bc1
HepG2_AGGF1	exon	0	3	0	3	1001	36408	pureclip_bc1
HepG2_AGGF1	downstream_intron	2	1	0	3	628	36781	pureclip_bc1
HepG2_BCCIP	upstream_intron	0	66	0	36	10	45436	IDR
HepG2_BCCIP	exon	0	66	0	36	1	45445	IDR
HepG2_BCCIP	downstream_intron	0	66	0	36	12	45434	IDR
HepG2_BCCIP	upstream_intron	9	57	7	29	2379	43067	iCount
HepG2_BCCIP	exon	21	45	6	30	2454	42992	iCount
HepG2_BCCIP	downstream_intron	19	47	6	30	2214	43232	iCount
HepG2_BCCIP	upstream_intron	0	66	0	36	184	45262	pureclip
HepG2_BCCIP	exon	2	64	1	35	189	45257	pureclip
HepG2_BCCIP	downstream_intron	0	66	1	35	139	45307	pureclip
HepG2_BCCIP	upstream_intron	0	66	0	36	290	45156	pureclip_bc1
HepG2_BCCIP	exon	2	64	2	34	254	45192	pureclip_bc1
HepG2_BCCIP	downstream_intron	2	64	1	35	233	45213	pureclip_bc1
HepG2_DDX55	upstream_intron	0	140	1	71	27	45782	IDR
HepG2_DDX55	exon	0	140	0	72	105	45704	IDR
HepG2_DDX55	downstream_intron	1	139	0	72	56	45753	IDR
HepG2_DDX55	upstream_intron	15	125	14	58	1889	43920	iCount
HepG2_DDX55	exon	14	126	14	58	3221	42588	iCount
HepG2_DDX55	downstream_intron	21	119	16	56	2186	43623	iCount
HepG2_DDX55	upstream_intron	2	138	2	70	128	45681	pureclip
HepG2_DDX55	exon	2	138	5	67	305	45504	pureclip
HepG2_DDX55	downstream_intron	2	138	2	70	169	45640	pureclip
HepG2_DDX55	upstream_intron	2	138	3	69	260	45549	pureclip_bc1
HepG2_DDX55	exon	3	137	6	66	563	45246	pureclip_bc1
HepG2_DDX55	downstream_intron	2	138	3	69	296	45513	pureclip_bc1
HepG2_DDX59	upstream_intron	10	187	4	207	194	40956	IDR
HepG2_DDX59	exon	1	196	0	211	71	41079	IDR
HepG2_DDX59	downstream_intron	4	193	1	210	117	41033	IDR
HepG2_DDX59	upstream_intron	27	170	20	191	1471	39679	iCount
HepG2_DDX59	exon	18	179	16	195	1581	39569	iCount
HepG2_DDX59	downstream_intron	18	179	26	185	1462	39688	iCount
HepG2_DDX59	upstream_intron	6	191	5	206	197	40953	pureclip
HepG2_DDX59	exon	3	194	6	205	224	40926	pureclip
HepG2_DDX59	downstream_intron	4	193	2	209	154	40996	pureclip
HepG2_DDX59	upstream_intron	9	188	5	206	284	40866	pureclip_bc1
HepG2_DDX59	exon	4	193	6	205	362	40788	pureclip_bc1
HepG2_DDX59	downstream_intron	7	190	2	209	275	40875	pureclip_bc1
HepG2_FAM120A	upstream_intron	0	37	2	12	196	33066	IDR
HepG2_FAM120A	exon	0	37	0	14	18	33244	IDR
HepG2_FAM120A	downstream_intron	0	37	2	12	186	33076	IDR
HepG2_FAM120A	upstream_intron	7	30	1	13	2751	30511	iCount
HepG2_FAM120A	exon	7	30	4	10	2289	30973	iCount
HepG2_FAM120A	downstream_intron	9	28	5	9	2794	30468	iCount
HepG2_FAM120A	upstream_intron	0	37	2	12	450	32812	pureclip
HepG2_FAM120A	exon	0	37	0	14	104	33158	pureclip
HepG2_FAM120A	downstream_intron	3	34	2	12	406	32856	pureclip
HepG2_FAM120A	upstream_intron	0	37	2	12	559	32703	pureclip_bc1
HepG2_FAM120A	exon	0	37	0	14	119	33143	pureclip_bc1
HepG2_FAM120A	downstream_intron	3	34	2	12	491	32771	pureclip_bc1
HepG2_FUBP3	upstream_intron	3	90	0	43	9	35586	IDR
HepG2_FUBP3	exon	0	93	0	43	5	35590	IDR
HepG2_FUBP3	downstream_intron	0	93	0	43	6	35589	IDR
HepG2_FUBP3	upstream_intron	11	82	2	41	407	35188	iCount
HepG2_FUBP3	exon	5	88	3	40	503	35092	iCount
HepG2_FUBP3	downstream_intron	8	85	6	37	450	35145	iCount
HepG2_FUBP3	upstream_intron	1	92	0	43	9	35586	pureclip
HepG2_FUBP3	exon	0	93	0	43	14	35581	pureclip
HepG2_FUBP3	downstream_intron	1	92	2	41	15	35580	pureclip
HepG2_FUBP3	upstream_intron	2	91	0	43	33	35562	pureclip_bc1
HepG2_FUBP3	exon	0	93	0	43	18	35577	pureclip_bc1
HepG2_FUBP3	downstream_intron	2	91	2	41	27	35568	pureclip_bc1
HepG2_FUS	upstream_intron	0	124	0	36	28	40070	IDR
HepG2_FUS	exon	0	124	0	36	4	40094	IDR
HepG2_FUS	downstream_intron	2	122	0	36	42	40056	IDR
HepG2_FUS	upstream_intron	24	100	4	32	2568	37530	iCount
HepG2_FUS	exon	17	107	9	27	2214	37884	iCount
HepG2_FUS	downstream_intron	43	81	8	28	2636	37462	iCount
HepG2_FUS	upstream_intron	3	121	0	36	309	39789	pureclip
HepG2_FUS	exon	3	121	2	34	282	39816	pureclip
HepG2_FUS	downstream_intron	4	120	2	34	324	39774	pureclip
HepG2_FUS	upstream_intron	10	114	2	34	530	39568	pureclip_bc1
HepG2_FUS	exon	9	115	3	33	459	39639	pureclip_bc1
HepG2_FUS	downstream_intron	12	112	3	33	539	39559	pureclip_bc1
HepG2_GRWD1	upstream_intron	0	14	1	8	687	37050	IDR
HepG2_GRWD1	exon	0	14	1	8	2716	35021	IDR
HepG2_GRWD1	downstream_intron	0	14	0	9	748	36989	IDR
HepG2_GRWD1	upstream_intron	5	9	4	5	7860	29877	iCount
HepG2_GRWD1	exon	9	5	8	1	18257	19480	iCount
HepG2_GRWD1	downstream_intron	7	7	5	4	8147	29590	iCount
HepG2_GRWD1	upstream_intron	0	14	3	6	2611	35126	pureclip
HepG2_GRWD1	exon	4	10	4	5	6989	30748	pureclip
HepG2_GRWD1	downstream_intron	0	14	4	5	2480	35257	pureclip
HepG2_GRWD1	upstream_intron	0	14	4	5	2826	34911	pureclip_bc1
HepG2_GRWD1	exon	6	8	4	5	7972	29765	pureclip_bc1
HepG2_GRWD1	downstream_intron	0	14	4	5	2646	35091	pureclip_bc1
HepG2_GTF2F1	upstream_intron	0	17	0	3	276	39255	IDR
HepG2_GTF2F1	exon	0	17	0	3	21	39510	IDR
HepG2_GTF2F1	downstream_intron	0	17	0	3	179	39352	IDR
HepG2_GTF2F1	upstream_intron	2	15	2	1	2072	37459	iCount
HepG2_GTF2F1	exon	1	16	2	1	1770	37761	iCount
HepG2_GTF2F1	downstream_intron	0	17	2	1	1833	37698	iCount
HepG2_GTF2F1	upstream_intron	0	17	0	3	295	39236	pureclip
HepG2_GTF2F1	exon	0	17	0	3	211	39320	pureclip
HepG2_GTF2F1	downstream_intron	0	17	0	3	231	39300	pureclip
HepG2_GTF2F1	upstream_intron	0	17	0	3	417	39114	pureclip_bc1
HepG2_GTF2F1	exon	0	17	0	3	333	39198	pureclip_bc1
HepG2_GTF2F1	downstream_intron	0	17	2	1	378	39153	pureclip_bc1
HepG2_HLTF	upstream_intron	0	34	0	11	34	38826	IDR
HepG2_HLTF	exon	0	34	0	11	125	38735	IDR
HepG2_HLTF	downstream_intron	0	34	0	11	37	38823	IDR
HepG2_HLTF	upstream_intron	6	28	4	7	3125	35735	iCount
HepG2_HLTF	exon	4	30	5	6	5319	33541	iCount
HepG2_HLTF	downstream_intron	8	26	7	4	3304	35556	iCount
HepG2_HLTF	upstream_intron	6	28	2	9	515	38345	pureclip
HepG2_HLTF	exon	5	29	4	7	1045	37815	pureclip
HepG2_HLTF	downstream_intron	4	30	2	9	499	38361	pureclip
HepG2_HLTF	upstream_intron	6	28	4	7	771	38089	pureclip_bc1
HepG2_HLTF	exon	5	29	4	7	1684	37176	pureclip_bc1
HepG2_HLTF	downstream_intron	4	30	3	8	738	38122	pureclip_bc1
HepG2_HNRNPA1	upstream_intron	0	115	0	105	1	35796	IDR
HepG2_HNRNPA1	exon	0	115	0	105	1	35796	IDR
HepG2_HNRNPA1	downstream_intron	0	115	0	105	6	35791	IDR
HepG2_HNRNPA1	upstream_intron	40	75	23	82	3951	31846	iCount
HepG2_HNRNPA1	exon	25	90	32	73	2481	33316	iCount
HepG2_HNRNPA1	downstream_intron	33	82	29	76	4101	31696	iCount
HepG2_HNRNPA1	upstream_intron	14	101	10	95	833	34964	pureclip
HepG2_HNRNPA1	exon	4	111	10	95	378	35419	pureclip
HepG2_HNRNPA1	downstream_intron	6	109	7	98	887	34910	pureclip
HepG2_HNRNPA1	upstream_intron	14	101	14	91	1080	34717	pureclip_bc1
HepG2_HNRNPA1	exon	7	108	11	94	505	35292	pureclip_bc1
HepG2_HNRNPA1	downstream_intron	7	108	8	97	1175	34622	pureclip_bc1
HepG2_HNRNPC	upstream_intron	6	572	2	614	44	41601	IDR
HepG2_HNRNPC	exon	8	570	0	616	22	41623	IDR
HepG2_HNRNPC	downstream_intron	7	571	1	615	123	41522	IDR
HepG2_HNRNPC	upstream_intron	341	237	150	466	7379	34266	iCount
HepG2_HNRNPC	exon	128	450	69	547	2404	39241	iCount
HepG2_HNRNPC	downstream_intron	292	286	151	465	8005	33640	iCount
HepG2_HNRNPC	upstream_intron	160	418	39	577	1817	39828	pureclip
HepG2_HNRNPC	exon	29	549	11	605	400	41245	pureclip
HepG2_HNRNPC	downstream_intron	112	466	37	579	2188	39457	pureclip
HepG2_HNRNPC	upstream_intron	180	398	48	568	2184	39461	pureclip_bc1
HepG2_HNRNPC	exon	39	539	11	605	473	41172	pureclip_bc1
HepG2_HNRNPC	downstream_intron	127	451	49	567	2593	39052	pureclip_bc1
HepG2_HNRNPK	upstream_intron	51	1137	11	685	449	41131	IDR
HepG2_HNRNPK	exon	36	1152	1	695	101	41479	IDR
HepG2_HNRNPK	downstream_intron	38	1150	29	667	391	41189	IDR
HepG2_HNRNPK	upstream_intron	271	917	101	595	3235	38345	iCount
HepG2_HNRNPK	exon	215	973	38	658	1475	40105	iCount
HepG2_HNRNPK	downstream_intron	220	968	124	572	3329	38251	iCount
HepG2_HNRNPK	upstream_intron	41	1147	17	679	365	41215	pureclip
HepG2_HNRNPK	exon	23	1165	0	696	129	41451	pureclip
HepG2_HNRNPK	downstream_intron	47	1141	20	676	339	41241	pureclip
HepG2_HNRNPK	upstream_intron	59	1129	22	674	554	41026	pureclip_bc1
HepG2_HNRNPK	exon	39	1149	1	695	174	41406	pureclip_bc1
HepG2_HNRNPK	downstream_intron	71	1117	39	657	543	41037	pureclip_bc1
HepG2_HNRNPL	upstream_intron	8	435	0	201	94	46391	IDR
HepG2_HNRNPL	exon	3	440	0	201	16	46469	IDR
HepG2_HNRNPL	downstream_intron	7	436	0	201	137	46348	IDR
HepG2_HNRNPL	upstream_intron	115	328	18	183	2695	43790	iCount
HepG2_HNRNPL	exon	86	357	6	195	1203	45282	iCount
HepG2_HNRNPL	downstream_intron	131	312	19	182	3051	43434	iCount
HepG2_HNRNPL	upstream_intron	30	413	0	201	275	46210	pureclip
HepG2_HNRNPL	exon	18	425	0	201	81	46404	pureclip
HepG2_HNRNPL	downstream_intron	32	411	2	199	351	46134	pureclip
HepG2_HNRNPL	upstream_intron	31	412	0	201	342	46143	pureclip_bc1
HepG2_HNRNPL	exon	22	421	0	201	99	46386	pureclip_bc1
HepG2_HNRNPL	downstream_intron	40	403	3	198	452	46033	pureclip_bc1
HepG2_HNRNPM	upstream_intron	6	160	0	114	156	38541	IDR
HepG2_HNRNPM	exon	1	165	0	114	45	38652	IDR
HepG2_HNRNPM	downstream_intron	13	153	0	114	124	38573	IDR
HepG2_HNRNPM	upstream_intron	61	105	17	97	2121	36576	iCount
HepG2_HNRNPM	exon	25	141	3	111	1103	37594	iCount
HepG2_HNRNPM	downstream_intron	58	108	19	95	2186	36511	iCount
HepG2_HNRNPM	upstream_intron	7	159	3	111	224	38473	pureclip
HepG2_HNRNPM	exon	5	161	0	114	67	38630	pureclip
HepG2_HNRNPM	downstream_intron	16	150	0	114	207	38490	pureclip
HepG2_HNRNPM	upstream_intron	7	159	3	111	289	38408	pureclip_bc1
HepG2_HNRNPM	exon	5	161	1	113	88	38609	pureclip_bc1
HepG2_HNRNPM	downstream_intron	16	150	0	114	247	38450	pureclip_bc1
HepG2_HNRNPU	upstream_intron	0	382	0	578	11	38007	IDR
HepG2_HNRNPU	exon	0	382	0	578	2	38016	IDR
HepG2_HNRNPU	downstream_intron	0	382	0	578	4	38014	IDR
HepG2_HNRNPU	upstream_intron	44	338	66	512	1475	36543	iCount
HepG2_HNRNPU	exon	27	355	55	523	962	37056	iCount
HepG2_HNRNPU	downstream_intron	39	343	68	510	1483	36535	iCount
HepG2_HNRNPU	upstream_intron	2	380	8	570	150	37868	pureclip
HepG2_HNRNPU	exon	4	378	5	573	69	37949	pureclip
HepG2_HNRNPU	downstream_intron	6	376	20	558	148	37870	pureclip
HepG2_HNRNPU	upstream_intron	9	373	12	566	303	37715	pureclip_bc1
HepG2_HNRNPU	exon	8	374	7	571	145	37873	pureclip_bc1
HepG2_HNRNPU	downstream_intron	8	374	27	551	261	37757	pureclip_bc1
HepG2_KHSRP	upstream_intron	22	195	1	50	507	39962	IDR
HepG2_KHSRP	exon	6	211	0	51	77	40392	IDR
HepG2_KHSRP	downstream_intron	23	194	3	48	451	40018	IDR
HepG2_KHSRP	upstream_intron	84	133	13	38	5270	35199	iCount
HepG2_KHSRP	exon	41	176	14	37	2920	37549	iCount
HepG2_KHSRP	downstream_intron	86	131	16	35	5377	35092	iCount
HepG2_KHSRP	upstream_intron	30	187	8	43	763	39706	pureclip
HepG2_KHSRP	exon	7	210	1	50	189	40280	pureclip
HepG2_KHSRP	downstream_intron	32	185	2	49	776	39693	pureclip
HepG2_KHSRP	upstream_intron	42	175	8	43	1178	39291	pureclip_bc1
HepG2_KHSRP	exon	12	205	3	48	280	40189	pureclip_bc1
HepG2_KHSRP	downstream_intron	40	177	4	47	1218	39251	pureclip_bc1
HepG2_MATR3	upstream_intron	17	690	1	412	51	43926	IDR
HepG2_MATR3	exon	16	691	1	412	17	43960	IDR
HepG2_MATR3	downstream_intron	15	692	1	412	58	43919	IDR
HepG2_MATR3	upstream_intron	123	584	10	403	1355	42622	iCount
HepG2_MATR3	exon	52	655	5	408	606	43371	iCount
HepG2_MATR3	downstream_intron	120	587	16	397	1370	42607	iCount
HepG2_MATR3	upstream_intron	27	680	1	412	50	43927	pureclip
HepG2_MATR3	exon	11	696	1	412	11	43966	pureclip
HepG2_MATR3	downstream_intron	23	684	1	412	57	43920	pureclip
HepG2_MATR3	upstream_intron	28	679	1	412	74	43903	pureclip_bc1
HepG2_MATR3	exon	11	696	1	412	20	43957	pureclip_bc1
HepG2_MATR3	downstream_intron	27	680	1	412	80	43897	pureclip_bc1
HepG2_NCBP2	upstream_intron	2	293	3	499	189	45772	IDR
HepG2_NCBP2	exon	1	294	1	501	81	45880	IDR
HepG2_NCBP2	downstream_intron	0	295	5	497	36	45925	IDR
HepG2_NCBP2	upstream_intron	42	253	75	427	3374	42587	iCount
HepG2_NCBP2	exon	41	254	117	385	5049	40912	iCount
HepG2_NCBP2	downstream_intron	54	241	78	424	2818	43143	iCount
HepG2_NCBP2	upstream_intron	5	290	12	490	413	45548	pureclip
HepG2_NCBP2	exon	9	286	12	490	347	45614	pureclip
HepG2_NCBP2	downstream_intron	2	293	12	490	195	45766	pureclip
HepG2_NCBP2	upstream_intron	4	291	19	483	573	45388	pureclip_bc1
HepG2_NCBP2	exon	12	283	19	483	569	45392	pureclip_bc1
HepG2_NCBP2	downstream_intron	4	291	15	487	284	45677	pureclip_bc1
HepG2_NKRF	upstream_intron	0	49	0	9	141	44098	IDR
HepG2_NKRF	exon	0	49	0	9	30	44209	IDR
HepG2_NKRF	downstream_intron	0	49	0	9	117	44122	IDR
HepG2_NKRF	upstream_intron	14	35	2	7	3989	40250	iCount
HepG2_NKRF	exon	6	43	0	9	3116	41123	iCount
HepG2_NKRF	downstream_intron	13	36	2	7	3882	40357	iCount
HepG2_NKRF	upstream_intron	2	47	0	9	683	43556	pureclip
HepG2_NKRF	exon	2	47	0	9	546	43693	pureclip
HepG2_NKRF	downstream_intron	2	47	4	5	662	43577	pureclip
HepG2_NKRF	upstream_intron	3	46	1	8	1038	43201	pureclip_bc1
HepG2_NKRF	exon	2	47	0	9	794	43445	pureclip_bc1
HepG2_NKRF	downstream_intron	4	45	4	5	990	43249	pureclip_bc1
HepG2_PCBP1	upstream_intron	0	213	9	701	82	42576	IDR
HepG2_PCBP1	exon	1	212	13	697	119	42539	IDR
HepG2_PCBP1	downstream_intron	2	211	7	703	58	42600	IDR
HepG2_PCBP1	upstream_intron	12	201	39	671	724	41934	iCount
HepG2_PCBP1	exon	9	204	56	654	1371	41287	iCount
HepG2_PCBP1	downstream_intron	9	204	55	655	738	41920	iCount
HepG2_PCBP1	upstream_intron	0	213	8	702	93	42565	pureclip
HepG2_PCBP1	exon	2	211	14	696	269	42389	pureclip
HepG2_PCBP1	downstream_intron	0	213	6	704	73	42585	pureclip
HepG2_PCBP1	upstream_intron	2	211	12	698	125	42533	pureclip_bc1
HepG2_PCBP1	exon	3	210	23	687	371	42287	pureclip_bc1
HepG2_PCBP1	downstream_intron	1	212	10	700	94	42564	pureclip_bc1
HepG2_PCBP2	upstream_intron	0	107	4	221	368	41088	IDR
HepG2_PCBP2	exon	1	106	2	223	126	41330	IDR
HepG2_PCBP2	downstream_intron	1	106	5	220	291	41165	IDR
HepG2_PCBP2	upstream_intron	15	92	49	176	3136	38320	iCount
HepG2_PCBP2	exon	6	101	27	198	1865	39591	iCount
HepG2_PCBP2	downstream_intron	18	89	51	174	3014	38442	iCount
HepG2_PCBP2	upstream_intron	1	106	8	217	377	41079	pureclip
HepG2_PCBP2	exon	1	106	6	219	212	41244	pureclip
HepG2_PCBP2	downstream_intron	2	105	9	216	378	41078	pureclip
HepG2_PCBP2	upstream_intron	1	106	9	216	516	40940	pureclip_bc1
HepG2_PCBP2	exon	1	106	7	218	253	41203	pureclip_bc1
HepG2_PCBP2	downstream_intron	2	105	12	213	493	40963	pureclip_bc1
HepG2_PPIG	upstream_intron	0	32	0	11	1319	43229	IDR
HepG2_PPIG	exon	2	30	4	7	4008	40540	IDR
HepG2_PPIG	downstream_intron	1	31	0	11	1394	43154	IDR
HepG2_PPIG	upstream_intron	9	23	7	4	7351	37197	iCount
HepG2_PPIG	exon	20	12	6	5	18860	25688	iCount
HepG2_PPIG	downstream_intron	5	27	3	8	7205	37343	iCount
HepG2_PPIG	upstream_intron	2	30	5	6	2212	42336	pureclip
HepG2_PPIG	exon	3	29	6	5	5775	38773	pureclip
HepG2_PPIG	downstream_intron	0	32	0	11	2009	42539	pureclip
HepG2_PPIG	upstream_intron	2	30	5	6	2453	42095	pureclip_bc1
HepG2_PPIG	exon	3	29	6	5	6926	37622	pureclip_bc1
HepG2_PPIG	downstream_intron	0	32	1	10	2251	42297	pureclip_bc1
HepG2_PTBP1	upstream_intron	22	508	6	295	203	41434	IDR
HepG2_PTBP1	exon	6	524	1	300	29	41608	IDR
HepG2_PTBP1	downstream_intron	10	520	5	296	221	41416	IDR
HepG2_PTBP1	upstream_intron	130	400	53	248	2741	38896	iCount
HepG2_PTBP1	exon	76	454	80	221	3454	38183	iCount
HepG2_PTBP1	downstream_intron	102	428	56	245	2820	38817	iCount
HepG2_PTBP1	upstream_intron	26	504	8	293	443	41194	pureclip
HepG2_PTBP1	exon	10	520	7	294	436	41201	pureclip
HepG2_PTBP1	downstream_intron	14	516	9	292	473	41164	pureclip
HepG2_PTBP1	upstream_intron	35	495	12	289	547	41090	pureclip_bc1
HepG2_PTBP1	exon	11	519	11	290	566	41071	pureclip_bc1
HepG2_PTBP1	downstream_intron	16	514	12	289	632	41005	pureclip_bc1
HepG2_QKI	upstream_intron	32	328	4	116	295	41209	IDR
HepG2_QKI	exon	15	345	0	120	47	41457	IDR
HepG2_QKI	downstream_intron	17	343	41	79	310	41194	IDR
HepG2_QKI	upstream_intron	107	253	28	92	2828	38676	iCount
HepG2_QKI	exon	51	309	15	105	1542	39962	iCount
HepG2_QKI	downstream_intron	82	278	63	57	3070	38434	iCount
HepG2_QKI	upstream_intron	32	328	8	112	331	41173	pureclip
HepG2_QKI	exon	10	350	1	119	116	41388	pureclip
HepG2_QKI	downstream_intron	18	342	33	87	415	41089	pureclip
HepG2_QKI	upstream_intron	45	315	9	111	439	41065	pureclip_bc1
HepG2_QKI	exon	13	347	3	117	146	41358	pureclip_bc1
HepG2_QKI	downstream_intron	23	337	36	84	508	40996	pureclip_bc1
HepG2_RBFOX2	upstream_intron	2	106	4	148	415	32066	IDR
HepG2_RBFOX2	exon	0	108	2	150	76	32405	IDR
HepG2_RBFOX2	downstream_intron	3	105	29	123	473	32008	IDR
HepG2_RBFOX2	upstream_intron	23	85	43	109	2981	29500	iCount
HepG2_RBFOX2	exon	12	96	21	131	1615	30866	iCount
HepG2_RBFOX2	downstream_intron	18	90	70	82	3197	29284	iCount
HepG2_RBFOX2	upstream_intron	7	101	11	141	704	31777	pureclip
HepG2_RBFOX2	exon	4	104	4	148	144	32337	pureclip
HepG2_RBFOX2	downstream_intron	2	106	34	118	768	31713	pureclip
HepG2_RBFOX2	upstream_intron	7	101	11	141	778	31703	pureclip_bc1
HepG2_RBFOX2	exon	4	104	5	147	153	32328	pureclip_bc1
HepG2_RBFOX2	downstream_intron	2	106	35	117	877	31604	pureclip_bc1
HepG2_RBM15	upstream_intron	0	220	0	44	57	47156	IDR
HepG2_RBM15	exon	0	220	0	44	94	47119	IDR
HepG2_RBM15	downstream_intron	0	220	0	44	43	47170	IDR
HepG2_RBM15	upstream_intron	37	183	14	30	3889	43324	iCount
HepG2_RBM15	exon	27	193	10	34	6155	41058	iCount
HepG2_RBM15	downstream_intron	35	185	5	39	3552	43661	iCount
HepG2_RBM15	upstream_intron	12	208	4	40	332	46881	pureclip
HepG2_RBM15	exon	4	216	2	42	611	46602	pureclip
HepG2_RBM15	downstream_intron	12	208	2	42	290	46923	pureclip
HepG2_RBM15	upstream_intron	15	205	4	40	571	46642	pureclip_bc1
HepG2_RBM15	exon	12	208	5	39	1036	46177	pureclip_bc1
HepG2_RBM15	downstream_intron	12	208	2	42	488	46725	pureclip_bc1
HepG2_SDAD1	upstream_intron	0	3	0	1	36	33509	IDR
HepG2_SDAD1	exon	0	3	0	1	186	33359	IDR
HepG2_SDAD1	downstream_intron	0	3	0	1	45	33500	IDR
HepG2_SDAD1	upstream_intron	0	3	0	1	746	32799	iCount
HepG2_SDAD1	exon	0	3	0	1	1924	31621	iCount
HepG2_SDAD1	downstream_intron	0	3	1	0	762	32783	iCount
HepG2_SDAD1	upstream_intron	0	3	0	1	109	33436	pureclip
HepG2_SDAD1	exon	0	3	0	1	265	33280	pureclip
HepG2_SDAD1	downstream_intron	0	3	0	1	80	33465	pureclip
HepG2_SDAD1	upstream_intron	0	3	0	1	192	33353	pureclip_bc1
HepG2_SDAD1	exon	0	3	0	1	429	33116	pureclip_bc1
HepG2_SDAD1	downstream_intron	0	3	0	1	147	33398	pureclip_bc1
HepG2_SLTM	upstream_intron	0	59	0	15	36	37347	IDR
HepG2_SLTM	exon	0	59	0	15	16	37367	IDR
HepG2_SLTM	downstream_intron	0	59	0	15	41	37342	IDR
HepG2_SLTM	upstream_intron	11	48	0	15	1287	36096	iCount
HepG2_SLTM	exon	5	54	1	14	1312	36071	iCount
HepG2_SLTM	downstream_intron	9	50	0	15	1235	36148	iCount
HepG2_SLTM	upstream_intron	0	59	0	15	104	37279	pureclip
HepG2_SLTM	exon	0	59	0	15	90	37293	pureclip
HepG2_SLTM	downstream_intron	0	59	0	15	69	37314	pureclip
HepG2_SLTM	upstream_intron	0	59	0	15	145	37238	pureclip_bc1
HepG2_SLTM	exon	1	58	0	15	156	37227	pureclip_bc1
HepG2_SLTM	downstream_intron	2	57	0	15	124	37259	pureclip_bc1
HepG2_SND1	upstream_intron	0	11	0	7	206	37507	IDR
HepG2_SND1	exon	1	10	0	7	937	36776	IDR
HepG2_SND1	downstream_intron	0	11	0	7	239	37474	IDR
HepG2_SND1	upstream_intron	3	8	0	7	1362	36351	iCount
HepG2_SND1	exon	5	6	0	7	3938	33775	iCount
HepG2_SND1	downstream_intron	0	11	2	5	1425	36288	iCount
HepG2_SND1	upstream_intron	1	10	0	7	373	37340	pureclip
HepG2_SND1	exon	3	8	0	7	1381	36332	pureclip
HepG2_SND1	downstream_intron	0	11	0	7	366	37347	pureclip
HepG2_SND1	upstream_intron	1	10	0	7	418	37295	pureclip_bc1
HepG2_SND1	exon	3	8	0	7	1542	36171	pureclip_bc1
HepG2_SND1	downstream_intron	0	11	0	7	403	37310	pureclip_bc1
HepG2_SRSF1	upstream_intron	5	893	10	1397	121	46357	IDR
HepG2_SRSF1	exon	3	895	42	1365	411	46067	IDR
HepG2_SRSF1	downstream_intron	1	897	9	1398	132	46346	IDR
HepG2_SRSF1	upstream_intron	141	757	354	1053	6196	40282	iCount
HepG2_SRSF1	exon	188	710	763	644	13710	32768	iCount
HepG2_SRSF1	downstream_intron	121	777	338	1069	5594	40884	iCount
HepG2_SRSF1	upstream_intron	20	878	63	1344	791	45687	pureclip
HepG2_SRSF1	exon	28	870	191	1216	2111	44367	pureclip
HepG2_SRSF1	downstream_intron	17	881	72	1335	710	45768	pureclip
HepG2_SRSF1	upstream_intron	24	874	78	1329	1078	45400	pureclip_bc1
HepG2_SRSF1	exon	36	862	267	1140	2896	43582	pureclip_bc1
HepG2_SRSF1	downstream_intron	22	876	85	1322	953	45525	pureclip_bc1
HepG2_SRSF7	upstream_intron	0	152	1	371	48	50090	IDR
HepG2_SRSF7	exon	0	152	5	367	52	50086	IDR
HepG2_SRSF7	downstream_intron	0	152	1	371	34	50104	IDR
HepG2_SRSF7	upstream_intron	20	132	48	324	2121	48017	iCount
HepG2_SRSF7	exon	33	119	90	282	4101	46037	iCount
HepG2_SRSF7	downstream_intron	23	129	47	325	2013	48125	iCount
HepG2_SRSF7	upstream_intron	8	144	17	355	444	49694	pureclip
HepG2_SRSF7	exon	8	144	21	351	870	49268	pureclip
HepG2_SRSF7	downstream_intron	6	146	4	368	371	49767	pureclip
HepG2_SRSF7	upstream_intron	9	143	19	353	644	49494	pureclip_bc1
HepG2_SRSF7	exon	9	143	38	334	1267	48871	pureclip_bc1
HepG2_SRSF7	downstream_intron	6	146	9	363	551	49587	pureclip_bc1
HepG2_SRSF9	upstream_intron	0	311	0	306	9	39014	IDR
HepG2_SRSF9	exon	1	310	0	306	66	38957	IDR
HepG2_SRSF9	downstream_intron	0	311	0	306	29	38994	IDR
HepG2_SRSF9	upstream_intron	25	286	70	236	2471	36552	iCount
HepG2_SRSF9	exon	43	268	98	208	5171	33852	iCount
HepG2_SRSF9	downstream_intron	28	283	61	245	2407	36616	iCount
HepG2_SRSF9	upstream_intron	3	308	19	287	254	38769	pureclip
HepG2_SRSF9	exon	6	305	32	274	597	38426	pureclip
HepG2_SRSF9	downstream_intron	4	307	11	295	278	38745	pureclip
HepG2_SRSF9	upstream_intron	4	307	30	276	407	38616	pureclip_bc1
HepG2_SRSF9	exon	8	303	40	266	1003	38020	pureclip_bc1
HepG2_SRSF9	downstream_intron	5	306	20	286	448	38575	pureclip_bc1
HepG2_SUB1	upstream_intron	0	9	0	1	87	35887	IDR
HepG2_SUB1	exon	0	9	0	1	253	35721	IDR
HepG2_SUB1	downstream_intron	0	9	0	1	108	35866	IDR
HepG2_SUB1	upstream_intron	0	9	0	1	684	35290	iCount
HepG2_SUB1	exon	2	7	0	1	1805	34169	iCount
HepG2_SUB1	downstream_intron	0	9	0	1	725	35249	iCount
HepG2_SUB1	upstream_intron	0	9	0	1	72	35902	pureclip
HepG2_SUB1	exon	0	9	0	1	213	35761	pureclip
HepG2_SUB1	downstream_intron	0	9	0	1	88	35886	pureclip
HepG2_SUB1	upstream_intron	0	9	0	1	79	35895	pureclip_bc1
HepG2_SUB1	exon	0	9	0	1	225	35749	pureclip_bc1
HepG2_SUB1	downstream_intron	0	9	0	1	98	35876	pureclip_bc1
HepG2_SUGP2	upstream_intron	1	51	0	17	78	43038	IDR
HepG2_SUGP2	exon	0	52	0	17	44	43072	IDR
HepG2_SUGP2	downstream_intron	1	51	0	17	101	43015	IDR
HepG2_SUGP2	upstream_intron	10	42	1	16	2931	40185	iCount
HepG2_SUGP2	exon	1	51	1	16	1813	41303	iCount
HepG2_SUGP2	downstream_intron	16	36	2	15	2835	40281	iCount
HepG2_SUGP2	upstream_intron	3	49	0	17	300	42816	pureclip
HepG2_SUGP2	exon	0	52	0	17	123	42993	pureclip
HepG2_SUGP2	downstream_intron	4	48	0	17	265	42851	pureclip
HepG2_SUGP2	upstream_intron	5	47	0	17	372	42744	pureclip_bc1
HepG2_SUGP2	exon	0	52	0	17	160	42956	pureclip_bc1
HepG2_SUGP2	downstream_intron	4	48	0	17	321	42795	pureclip_bc1
HepG2_TBRG4	upstream_intron	0	338	0	187	0	43363	IDR
HepG2_TBRG4	exon	0	338	0	187	0	43363	IDR
HepG2_TBRG4	downstream_intron	0	338	0	187	0	43363	IDR
HepG2_TBRG4	upstream_intron	14	324	7	180	907	42456	iCount
HepG2_TBRG4	exon	8	330	11	176	916	42447	iCount
HepG2_TBRG4	downstream_intron	12	326	11	176	899	42464	iCount
HepG2_TBRG4	upstream_intron	0	338	0	187	0	43363	pureclip
HepG2_TBRG4	exon	0	338	0	187	1	43362	pureclip
HepG2_TBRG4	downstream_intron	0	338	0	187	0	43363	pureclip
HepG2_TBRG4	upstream_intron	0	338	0	187	1	43362	pureclip_bc1
HepG2_TBRG4	exon	0	338	0	187	2	43361	pureclip_bc1
HepG2_TBRG4	downstream_intron	0	338	0	187	0	43363	pureclip_bc1
HepG2_TIA1	upstream_intron	9	199	2	15	82	38298	IDR
HepG2_TIA1	exon	0	208	0	17	41	38339	IDR
HepG2_TIA1	downstream_intron	4	204	3	14	282	38098	IDR
HepG2_TIA1	upstream_intron	68	140	7	10	4425	33955	iCount
HepG2_TIA1	exon	28	180	4	13	2257	36123	iCount
HepG2_TIA1	downstream_intron	82	126	5	12	7771	30609	iCount
HepG2_TIA1	upstream_intron	26	182	2	15	812	37568	pureclip
HepG2_TIA1	exon	4	204	1	16	489	37891	pureclip
HepG2_TIA1	downstream_intron	36	172	3	14	1977	36403	pureclip
HepG2_TIA1	upstream_intron	27	181	2	15	1008	37372	pureclip_bc1
HepG2_TIA1	exon	5	203	1	16	604	37776	pureclip_bc1
HepG2_TIA1	downstream_intron	44	164	3	14	2442	35938	pureclip_bc1
HepG2_TIAL1	upstream_intron	6	182	6	321	131	37198	IDR
HepG2_TIAL1	exon	0	188	0	327	38	37291	IDR
HepG2_TIAL1	downstream_intron	19	169	15	312	461	36868	IDR
HepG2_TIAL1	upstream_intron	50	138	57	270	2347	34982	iCount
HepG2_TIAL1	exon	12	176	31	296	1124	36205	iCount
HepG2_TIAL1	downstream_intron	71	117	88	239	5142	32187	iCount
HepG2_TIAL1	upstream_intron	6	182	14	313	284	37045	pureclip
HepG2_TIAL1	exon	1	187	1	326	114	37215	pureclip
HepG2_TIAL1	downstream_intron	24	164	37	290	916	36413	pureclip
HepG2_TIAL1	upstream_intron	7	181	25	302	496	36833	pureclip_bc1
HepG2_TIAL1	exon	1	187	2	325	185	37144	pureclip_bc1
HepG2_TIAL1	downstream_intron	31	157	44	283	1451	35878	pureclip_bc1
HepG2_TRA2A	upstream_intron	0	24	2	17	37	36767	IDR
HepG2_TRA2A	exon	0	24	0	19	184	36620	IDR
HepG2_TRA2A	downstream_intron	0	24	0	19	36	36768	IDR
HepG2_TRA2A	upstream_intron	1	23	4	15	767	36037	iCount
HepG2_TRA2A	exon	4	20	4	15	1938	34866	iCount
HepG2_TRA2A	downstream_intron	3	21	1	18	709	36095	iCount
HepG2_TRA2A	upstream_intron	0	24	3	16	53	36751	pureclip
HepG2_TRA2A	exon	0	24	1	18	97	36707	pureclip
HepG2_TRA2A	downstream_intron	0	24	0	19	44	36760	pureclip
HepG2_TRA2A	upstream_intron	0	24	2	17	97	36707	pureclip_bc1
HepG2_TRA2A	exon	0	24	3	16	196	36608	pureclip_bc1
HepG2_TRA2A	downstream_intron	0	24	0	19	78	36726	pureclip_bc1
HepG2_U2AF1	upstream_intron	27	712	40	3026	282	60172	IDR
HepG2_U2AF1	exon	17	722	34	3032	295	60159	IDR
HepG2_U2AF1	downstream_intron	15	724	36	3030	288	60166	IDR
HepG2_U2AF1	upstream_intron	343	396	1148	1918	15523	44931	iCount
HepG2_U2AF1	exon	177	562	977	2089	13247	47207	iCount
HepG2_U2AF1	downstream_intron	233	506	901	2165	10404	50050	iCount
HepG2_U2AF1	upstream_intron	107	632	384	2682	3758	56696	pureclip
HepG2_U2AF1	exon	38	701	185	2881	1679	58775	pureclip
HepG2_U2AF1	downstream_intron	47	692	199	2867	1945	58509	pureclip
HepG2_U2AF1	upstream_intron	135	604	521	2545	5230	55224	pureclip_bc1
HepG2_U2AF1	exon	65	674	288	2778	2800	57654	pureclip_bc1
HepG2_U2AF1	downstream_intron	69	670	272	2794	2742	57712	pureclip_bc1
HepG2_U2AF2	upstream_intron	87	973	130	2998	1079	39809	IDR
HepG2_U2AF2	exon	93	967	176	2952	1709	39179	IDR
HepG2_U2AF2	downstream_intron	41	1019	110	3018	872	40016	IDR
HepG2_U2AF2	upstream_intron	515	545	1537	1591	14869	26019	iCount
HepG2_U2AF2	exon	243	817	692	2436	6792	34096	iCount
HepG2_U2AF2	downstream_intron	283	777	912	2216	7716	33172	iCount
HepG2_U2AF2	upstream_intron	201	859	560	2568	4651	36237	pureclip
HepG2_U2AF2	exon	59	1001	125	3003	975	39913	pureclip
HepG2_U2AF2	downstream_intron	70	990	256	2872	1790	39098	pureclip
HepG2_U2AF2	upstream_intron	247	813	738	2390	6360	34528	pureclip_bc1
HepG2_U2AF2	exon	74	986	212	2916	1636	39252	pureclip_bc1
HepG2_U2AF2	downstream_intron	98	962	330	2798	2428	38460	pureclip_bc1
HepG2_UCHL5	upstream_intron	5	101	0	45	151	34359	IDR
HepG2_UCHL5	exon	4	102	1	44	368	34142	IDR
HepG2_UCHL5	downstream_intron	2	104	0	45	137	34373	IDR
HepG2_UCHL5	upstream_intron	44	62	21	24	6371	28139	iCount
HepG2_UCHL5	exon	61	45	34	11	13685	20825	iCount
HepG2_UCHL5	downstream_intron	48	58	23	22	6414	28096	iCount
HepG2_UCHL5	upstream_intron	26	80	11	34	1969	32541	pureclip
HepG2_UCHL5	exon	30	76	20	25	4470	30040	pureclip
HepG2_UCHL5	downstream_intron	29	77	7	38	1921	32589	pureclip
HepG2_UCHL5	upstream_intron	29	77	15	30	2157	32353	pureclip_bc1
HepG2_UCHL5	exon	31	75	23	22	5148	29362	pureclip_bc1
HepG2_UCHL5	downstream_intron	33	73	7	38	2078	32432	pureclip_bc1
HepG2_XRCC6	upstream_intron	0	91	0	89	4	41426	IDR
HepG2_XRCC6	exon	0	91	0	89	2	41428	IDR
HepG2_XRCC6	downstream_intron	0	91	0	89	8	41422	IDR
HepG2_XRCC6	upstream_intron	11	80	11	78	772	40658	iCount
HepG2_XRCC6	exon	11	80	10	79	804	40626	iCount
HepG2_XRCC6	downstream_intron	8	83	8	81	776	40654	iCount
HepG2_XRCC6	upstream_intron	6	85	4	85	88	41342	pureclip
HepG2_XRCC6	exon	1	90	0	89	47	41383	pureclip
HepG2_XRCC6	downstream_intron	1	90	0	89	80	41350	pureclip
HepG2_XRCC6	upstream_intron	7	84	6	83	203	41227	pureclip_bc1
HepG2_XRCC6	exon	6	85	0	89	221	41209	pureclip_bc1
HepG2_XRCC6	downstream_intron	1	90	0	89	210	41220	pureclip_bc1
K562_AATF	upstream_intron	0	2	0	0	163	43876	IDR
K562_AATF	exon	0	2	0	0	29	44010	IDR
K562_AATF	downstream_intron	0	2	0	0	162	43877	IDR
K562_AATF	upstream_intron	0	2	0	0	703	43336	iCount
K562_AATF	exon	0	2	0	0	494	43545	iCount
K562_AATF	downstream_intron	0	2	0	0	824	43215	iCount
K562_AATF	upstream_intron	0	2	0	0	213	43826	pureclip
K562_AATF	exon	0	2	0	0	44	43995	pureclip
K562_AATF	downstream_intron	0	2	0	0	232	43807	pureclip
K562_AATF	upstream_intron	0	2	0	0	250	43789	pureclip_bc1
K562_AATF	exon	0	2	0	0	67	43972	pureclip_bc1
K562_AATF	downstream_intron	0	2	0	0	268	43771	pureclip_bc1
K562_AGGF1	upstream_intron	2	340	3	2085	94	54199	IDR
K562_AGGF1	exon	0	342	7	2081	56	54237	IDR
K562_AGGF1	downstream_intron	1	341	7	2081	91	54202	IDR
K562_AGGF1	upstream_intron	45	297	226	1862	3598	50695	iCount
K562_AGGF1	exon	23	319	262	1826	4647	49646	iCount
K562_AGGF1	downstream_intron	45	297	212	1876	3574	50719	iCount
K562_AGGF1	upstream_intron	5	337	24	2064	333	53960	pureclip
K562_AGGF1	exon	8	334	17	2071	441	53852	pureclip
K562_AGGF1	downstream_intron	9	333	15	2073	359	53934	pureclip
K562_AGGF1	upstream_intron	5	337	28	2060	377	53916	pureclip_bc1
K562_AGGF1	exon	9	333	22	2066	512	53781	pureclip_bc1
K562_AGGF1	downstream_intron	9	333	15	2073	409	53884	pureclip_bc1
K562_AKAP8L	upstream_intron	2	333	27	1732	166	55081	IDR
K562_AKAP8L	exon	0	335	3	1756	37	55210	IDR
K562_AKAP8L	downstream_intron	1	334	14	1745	133	55114	IDR
K562_AKAP8L	upstream_intron	38	297	187	1572	3191	52056	iCount
K562_AKAP8L	exon	25	310	164	1595	3325	51922	iCount
K562_AKAP8L	downstream_intron	37	298	172	1587	3038	52209	iCount
K562_AKAP8L	upstream_intron	1	334	24	1735	473	54774	pureclip
K562_AKAP8L	exon	2	333	15	1744	313	54934	pureclip
K562_AKAP8L	downstream_intron	0	335	13	1746	398	54849	pureclip
K562_AKAP8L	upstream_intron	3	332	51	1708	784	54463	pureclip_bc1
K562_AKAP8L	exon	2	333	24	1735	654	54593	pureclip_bc1
K562_AKAP8L	downstream_intron	1	334	25	1734	688	54559	pureclip_bc1
K562_DDX55	upstream_intron	0	5	0	7	32	36845	IDR
K562_DDX55	exon	0	5	0	7	90	36787	IDR
K562_DDX55	downstream_intron	0	5	0	7	64	36813	IDR
K562_DDX55	upstream_intron	0	5	4	3	1838	35039	iCount
K562_DDX55	exon	1	4	2	5	3422	33455	iCount
K562_DDX55	downstream_intron	1	4	2	5	2152	34725	iCount
K562_DDX55	upstream_intron	0	5	1	6	244	36633	pureclip
K562_DDX55	exon	2	3	2	5	352	36525	pureclip
K562_DDX55	downstream_intron	1	4	2	5	222	36655	pureclip
K562_DDX55	upstream_intron	0	5	2	5	367	36510	pureclip_bc1
K562_DDX55	exon	2	3	2	5	734	36143	pureclip_bc1
K562_DDX55	downstream_intron	1	4	2	5	404	36473	pureclip_bc1
K562_EWSR1	upstream_intron	0	2	0	17	318	39463	IDR
K562_EWSR1	exon	0	2	0	17	71	39710	IDR
K562_EWSR1	downstream_intron	0	2	0	17	251	39530	IDR
K562_EWSR1	upstream_intron	0	2	0	17	1444	38337	iCount
K562_EWSR1	exon	0	2	0	17	684	39097	iCount
K562_EWSR1	downstream_intron	0	2	0	17	1330	38451	iCount
K562_EWSR1	upstream_intron	0	2	0	17	241	39540	pureclip
K562_EWSR1	exon	0	2	0	17	45	39736	pureclip
K562_EWSR1	downstream_intron	0	2	0	17	187	39594	pureclip
K562_EWSR1	upstream_intron	0	2	0	17	345	39436	pureclip_bc1
K562_EWSR1	exon	0	2	0	17	76	39705	pureclip_bc1
K562_EWSR1	downstream_intron	0	2	0	17	288	39493	pureclip_bc1
K562_FAM120A	upstream_intron	0	0	0	0	65	38467	IDR
K562_FAM120A	exon	0	0	0	0	26	38506	IDR
K562_FAM120A	downstream_intron	0	0	0	0	41	38491	IDR
K562_FAM120A	upstream_intron	0	0	0	0	1253	37279	iCount
K562_FAM120A	exon	0	0	0	0	2769	35763	iCount
K562_FAM120A	downstream_intron	0	0	0	0	1253	37279	iCount
K562_FAM120A	upstream_intron	0	0	0	0	41	38491	pureclip
K562_FAM120A	exon	0	0	0	0	59	38473	pureclip
K562_FAM120A	downstream_intron	0	0	0	0	76	38456	pureclip
K562_FAM120A	upstream_intron	0	0	0	0	82	38450	pureclip_bc1
K562_FAM120A	exon	0	0	0	0	91	38441	pureclip_bc1
K562_FAM120A	downstream_intron	0	0	0	0	96	38436	pureclip_bc1
K562_FMR1	upstream_intron	1	258	1	122	73	45661	IDR
K562_FMR1	exon	1	258	5	118	284	45450	IDR
K562_FMR1	downstream_intron	1	258	0	123	71	45663	IDR
K562_FMR1	upstream_intron	27	232	13	110	2216	43518	iCount
K562_FMR1	exon	18	241	38	85	6611	39123	iCount
K562_FMR1	downstream_intron	37	222	22	101	2244	43490	iCount
K562_FMR1	upstream_intron	4	255	1	122	320	45414	pureclip
K562_FMR1	exon	4	255	7	116	947	44787	pureclip
K562_FMR1	downstream_intron	8	251	2	121	314	45420	pureclip
K562_FMR1	upstream_intron	4	255	1	122	382	45352	pureclip_bc1
K562_FMR1	exon	4	255	7	116	1195	44539	pureclip_bc1
K562_FMR1	downstream_intron	9	250	2	121	379	45355	pureclip_bc1
K562_FUS	upstream_intron	0	2	0	0	129	35957	IDR
K562_FUS	exon	0	2	0	0	46	36040	IDR
K562_FUS	downstream_intron	0	2	0	0	129	35957	IDR
K562_FUS	upstream_intron	0	2	0	0	3338	32748	iCount
K562_FUS	exon	2	0	0	0	5116	30970	iCount
K562_FUS	downstream_intron	2	0	0	0	3587	32499	iCount
K562_FUS	upstream_intron	0	2	0	0	603	35483	pureclip
K562_FUS	exon	2	0	0	0	813	35273	pureclip
K562_FUS	downstream_intron	0	2	0	0	677	35409	pureclip
K562_FUS	upstream_intron	0	2	0	0	808	35278	pureclip_bc1
K562_FUS	exon	2	0	0	0	1102	34984	pureclip_bc1
K562_FUS	downstream_intron	0	2	0	0	825	35261	pureclip_bc1
K562_GRWD1	upstream_intron	0	2	0	0	248	37285	IDR
K562_GRWD1	exon	0	2	0	0	768	36765	IDR
K562_GRWD1	downstream_intron	0	2	0	0	292	37241	IDR
K562_GRWD1	upstream_intron	1	1	0	0	4600	32933	iCount
K562_GRWD1	exon	1	1	0	0	12104	25429	iCount
K562_GRWD1	downstream_intron	1	1	0	0	4571	32962	iCount
K562_GRWD1	upstream_intron	0	2	0	0	929	36604	pureclip
K562_GRWD1	exon	1	1	0	0	2614	34919	pureclip
K562_GRWD1	downstream_intron	1	1	0	0	911	36622	pureclip
K562_GRWD1	upstream_intron	0	2	0	0	1082	36451	pureclip_bc1
K562_GRWD1	exon	1	1	0	0	3210	34323	pureclip_bc1
K562_GRWD1	downstream_intron	1	1	0	0	1029	36504	pureclip_bc1
K562_GTF2F1	upstream_intron	0	2	0	3	368	43765	IDR
K562_GTF2F1	exon	0	2	0	3	41	44092	IDR
K562_GTF2F1	downstream_intron	0	2	1	2	289	43844	IDR
K562_GTF2F1	upstream_intron	0	2	1	2	2042	42091	iCount
K562_GTF2F1	exon	0	2	3	0	1278	42855	iCount
K562_GTF2F1	downstream_intron	0	2	2	1	1927	42206	iCount
K562_GTF2F1	upstream_intron	0	2	0	3	226	43907	pureclip
K562_GTF2F1	exon	0	2	0	3	47	44086	pureclip
K562_GTF2F1	downstream_intron	0	2	0	3	199	43934	pureclip
K562_GTF2F1	upstream_intron	0	2	0	3	360	43773	pureclip_bc1
K562_GTF2F1	exon	0	2	0	3	69	44064	pureclip_bc1
K562_GTF2F1	downstream_intron	0	2	0	3	307	43826	pureclip_bc1
K562_HLTF	upstream_intron	0	10	0	35	13	41806	IDR
K562_HLTF	exon	0	10	0	35	17	41802	IDR
K562_HLTF	downstream_intron	0	10	0	35	1	41818	IDR
K562_HLTF	upstream_intron	4	6	5	30	2566	39253	iCount
K562_HLTF	exon	5	5	13	22	7633	34186	iCount
K562_HLTF	downstream_intron	4	6	9	26	2703	39116	iCount
K562_HLTF	upstream_intron	1	9	1	34	406	41413	pureclip
K562_HLTF	exon	2	8	4	31	1443	40376	pureclip
K562_HLTF	downstream_intron	1	9	1	34	411	41408	pureclip
K562_HLTF	upstream_intron	2	8	1	34	455	41364	pureclip_bc1
K562_HLTF	exon	2	8	9	26	1633	40186	pureclip_bc1
K562_HLTF	downstream_intron	1	9	1	34	452	41367	pureclip_bc1
K562_HNRNPA1	upstream_intron	0	140	0	81	15	50793	IDR
K562_HNRNPA1	exon	0	140	0	81	1	50807	IDR
K562_HNRNPA1	downstream_intron	0	140	0	81	8	50800	IDR
K562_HNRNPA1	upstream_intron	33	107	12	69	3180	47628	iCount
K562_HNRNPA1	exon	31	109	7	74	2091	48717	iCount
K562_HNRNPA1	downstream_intron	39	101	11	70	3198	47610	iCount
K562_HNRNPA1	upstream_intron	5	135	3	78	471	50337	pureclip
K562_HNRNPA1	exon	2	138	2	79	264	50544	pureclip
K562_HNRNPA1	downstream_intron	8	132	2	79	455	50353	pureclip
K562_HNRNPA1	upstream_intron	8	132	4	77	799	50009	pureclip_bc1
K562_HNRNPA1	exon	14	126	3	78	534	50274	pureclip_bc1
K562_HNRNPA1	downstream_intron	12	128	5	76	779	50029	pureclip_bc1
K562_HNRNPC	upstream_intron	5	1496	1	1799	10	46805	IDR
K562_HNRNPC	exon	1	1500	0	1800	15	46800	IDR
K562_HNRNPC	downstream_intron	14	1487	3	1797	51	46764	IDR
K562_HNRNPC	upstream_intron	683	818	231	1569	6237	40578	iCount
K562_HNRNPC	exon	257	1244	261	1539	4811	42004	iCount
K562_HNRNPC	downstream_intron	571	930	294	1506	7250	39565	iCount
K562_HNRNPC	upstream_intron	303	1198	42	1758	1414	45401	pureclip
K562_HNRNPC	exon	44	1457	21	1779	445	46370	pureclip
K562_HNRNPC	downstream_intron	214	1287	79	1721	1911	44904	pureclip
K562_HNRNPC	upstream_intron	316	1185	46	1754	1572	45243	pureclip_bc1
K562_HNRNPC	exon	53	1448	26	1774	550	46265	pureclip_bc1
K562_HNRNPC	downstream_intron	227	1274	89	1711	2078	44737	pureclip_bc1
K562_HNRNPK	upstream_intron	10	415	5	583	214	42275	IDR
K562_HNRNPK	exon	3	422	0	588	45	42444	IDR
K562_HNRNPK	downstream_intron	2	423	2	586	150	42339	IDR
K562_HNRNPK	upstream_intron	43	382	46	542	1602	40887	iCount
K562_HNRNPK	exon	42	383	13	575	767	41722	iCount
K562_HNRNPK	downstream_intron	43	382	47	541	1466	41023	iCount
K562_HNRNPK	upstream_intron	8	417	15	573	85	42404	pureclip
K562_HNRNPK	exon	1	424	0	588	26	42463	pureclip
K562_HNRNPK	downstream_intron	0	425	0	588	59	42430	pureclip
K562_HNRNPK	upstream_intron	8	417	15	573	163	42326	pureclip_bc1
K562_HNRNPK	exon	4	421	0	588	67	42422	pureclip_bc1
K562_HNRNPK	downstream_intron	2	423	11	577	136	42353	pureclip_bc1
K562_HNRNPL	upstream_intron	3	396	0	419	142	55862	IDR
K562_HNRNPL	exon	9	390	0	419	30	55974	IDR
K562_HNRNPL	downstream_intron	9	390	1	418	124	55880	IDR
K562_HNRNPL	upstream_intron	126	273	66	353	4766	51238	iCount
K562_HNRNPL	exon	114	285	25	394	2597	53407	iCount
K562_HNRNPL	downstream_intron	130	269	52	367	5269	50735	iCount
K562_HNRNPL	upstream_intron	25	374	14	405	544	55460	pureclip
K562_HNRNPL	exon	25	374	8	411	248	55756	pureclip
K562_HNRNPL	downstream_intron	30	369	9	410	644	55360	pureclip
K562_HNRNPL	upstream_intron	36	363	15	404	669	55335	pureclip_bc1
K562_HNRNPL	exon	28	371	9	410	320	55684	pureclip_bc1
K562_HNRNPL	downstream_intron	34	365	12	407	804	55200	pureclip_bc1
K562_HNRNPM	upstream_intron	7	149	0	133	132	44257	IDR
K562_HNRNPM	exon	7	149	0	133	55	44334	IDR
K562_HNRNPM	downstream_intron	6	150	0	133	114	44275	IDR
K562_HNRNPM	upstream_intron	52	104	10	123	3102	41287	iCount
K562_HNRNPM	exon	35	121	8	125	2138	42251	iCount
K562_HNRNPM	downstream_intron	65	91	12	121	2779	41610	iCount
K562_HNRNPM	upstream_intron	13	143	0	133	359	44030	pureclip
K562_HNRNPM	exon	14	142	1	132	195	44194	pureclip
K562_HNRNPM	downstream_intron	10	146	0	133	315	44074	pureclip
K562_HNRNPM	upstream_intron	17	139	0	133	432	43957	pureclip_bc1
K562_HNRNPM	exon	16	140	1	132	238	44151	pureclip_bc1
K562_HNRNPM	downstream_intron	12	144	0	133	400	43989	pureclip_bc1
K562_HNRNPU	upstream_intron	0	628	0	1030	4	55086	IDR
K562_HNRNPU	exon	0	628	0	1030	0	55090	IDR
K562_HNRNPU	downstream_intron	0	628	0	1030	1	55089	IDR
K562_HNRNPU	upstream_intron	162	466	237	793	7220	47870	iCount
K562_HNRNPU	exon	92	536	167	863	5261	49829	iCount
K562_HNRNPU	downstream_intron	162	466	234	796	7132	47958	iCount
K562_HNRNPU	upstream_intron	34	594	60	970	1178	53912	pureclip
K562_HNRNPU	exon	23	605	21	1009	597	54493	pureclip
K562_HNRNPU	downstream_intron	38	590	38	992	1158	53932	pureclip
K562_HNRNPU	upstream_intron	39	589	70	960	1554	53536	pureclip_bc1
K562_HNRNPU	exon	27	601	31	999	821	54269	pureclip_bc1
K562_HNRNPU	downstream_intron	45	583	58	972	1507	53583	pureclip_bc1
K562_KHDRBS1	upstream_intron	1	16	0	12	25	33610	IDR
K562_KHDRBS1	exon	0	17	0	12	3	33632	IDR
K562_KHDRBS1	downstream_intron	0	17	0	12	26	33609	IDR
K562_KHDRBS1	upstream_intron	5	12	1	11	2599	31036	iCount
K562_KHDRBS1	exon	3	14	2	10	1613	32022	iCount
K562_KHDRBS1	downstream_intron	11	6	3	9	2908	30727	iCount
K562_KHDRBS1	upstream_intron	1	16	1	11	402	33233	pureclip
K562_KHDRBS1	exon	0	17	2	10	165	33470	pureclip
K562_KHDRBS1	downstream_intron	1	16	2	10	505	33130	pureclip
K562_KHDRBS1	upstream_intron	3	14	1	11	607	33028	pureclip_bc1
K562_KHDRBS1	exon	0	17	2	10	282	33353	pureclip_bc1
K562_KHDRBS1	downstream_intron	2	15	2	10	755	32880	pureclip_bc1
K562_KHSRP	upstream_intron	13	53	3	22	1964	41343	IDR
K562_KHSRP	exon	1	65	0	25	128	43179	IDR
K562_KHSRP	downstream_intron	10	56	4	21	1826	41481	IDR
K562_KHSRP	upstream_intron	39	27	19	6	15071	28236	iCount
K562_KHSRP	exon	13	53	14	11	5247	38060	iCount
K562_KHSRP	downstream_intron	34	32	17	8	14995	28312	iCount
K562_KHSRP	upstream_intron	27	39	13	12	5161	38146	pureclip
K562_KHSRP	exon	4	62	4	21	658	42649	pureclip
K562_KHSRP	downstream_intron	22	44	14	11	5138	38169	pureclip
K562_KHSRP	upstream_intron	28	38	16	9	5618	37689	pureclip_bc1
K562_KHSRP	exon	4	62	4	21	689	42618	pureclip_bc1
K562_KHSRP	downstream_intron	22	44	15	10	5632	37675	pureclip_bc1
K562_MATR3	upstream_intron	6	217	0	47	68	42699	IDR
K562_MATR3	exon	4	219	0	47	18	42749	IDR
K562_MATR3	downstream_intron	15	208	0	47	47	42720	IDR
K562_MATR3	upstream_intron	42	181	0	47	954	41813	iCount
K562_MATR3	exon	18	205	0	47	327	42440	iCount
K562_MATR3	downstream_intron	42	181	0	47	910	41857	iCount
K562_MATR3	upstream_intron	5	218	0	47	45	42722	pureclip
K562_MATR3	exon	0	223	0	47	4	42763	pureclip
K562_MATR3	downstream_intron	6	217	0	47	22	42745	pureclip
K562_MATR3	upstream_intron	8	215	0	47	71	42696	pureclip_bc1
K562_MATR3	exon	0	223	0	47	8	42759	pureclip_bc1
K562_MATR3	downstream_intron	7	216	0	47	39	42728	pureclip_bc1
K562_METAP2	upstream_intron	3	98	0	63	166	41002	IDR
K562_METAP2	exon	2	99	0	63	436	40732	IDR
K562_METAP2	downstream_intron	3	98	0	63	170	40998	IDR
K562_METAP2	upstream_intron	15	86	1	62	1661	39507	iCount
K562_METAP2	exon	20	81	13	50	4124	37044	iCount
K562_METAP2	downstream_intron	29	72	6	57	1772	39396	iCount
K562_METAP2	upstream_intron	2	99	1	62	296	40872	pureclip
K562_METAP2	exon	6	95	4	59	695	40473	pureclip
K562_METAP2	downstream_intron	2	99	4	59	280	40888	pureclip
K562_METAP2	upstream_intron	5	96	1	62	509	40659	pureclip_bc1
K562_METAP2	exon	7	94	4	59	1102	40066	pureclip_bc1
K562_METAP2	downstream_intron	8	93	4	59	472	40696	pureclip_bc1
K562_NCBP2	upstream_intron	1	59	3	32	41	42696	IDR
K562_NCBP2	exon	0	60	0	35	23	42714	IDR
K562_NCBP2	downstream_intron	0	60	0	35	34	42703	IDR
K562_NCBP2	upstream_intron	5	55	6	29	1599	41138	iCount
K562_NCBP2	exon	1	59	4	31	1752	40985	iCount
K562_NCBP2	downstream_intron	5	55	6	29	1252	41485	iCount
K562_NCBP2	upstream_intron	1	59	3	32	161	42576	pureclip
K562_NCBP2	exon	0	60	0	35	61	42676	pureclip
K562_NCBP2	downstream_intron	0	60	0	35	113	42624	pureclip
K562_NCBP2	upstream_intron	1	59	3	32	263	42474	pureclip_bc1
K562_NCBP2	exon	0	60	0	35	191	42546	pureclip_bc1
K562_NCBP2	downstream_intron	2	58	0	35	217	42520	pureclip_bc1
K562_NONO	upstream_intron	0	10	0	4	319	41617	IDR
K562_NONO	exon	0	10	0	4	78	41858	IDR
K562_NONO	downstream_intron	0	10	0	4	296	41640	IDR
K562_NONO	upstream_intron	4	6	1	3	2681	39255	iCount
K562_NONO	exon	3	7	1	3	1635	40301	iCount
K562_NONO	downstream_intron	2	8	1	3	2290	39646	iCount
K562_NONO	upstream_intron	1	9	0	4	588	41348	pureclip
K562_NONO	exon	0	10	0	4	181	41755	pureclip
K562_NONO	downstream_intron	0	10	0	4	501	41435	pureclip
K562_NONO	upstream_intron	1	9	0	4	789	41147	pureclip_bc1
K562_NONO	exon	1	9	0	4	275	41661	pureclip_bc1
K562_NONO	downstream_intron	0	10	0	4	678	41258	pureclip_bc1
K562_PCBP1	upstream_intron	1	41	1	128	140	44462	IDR
K562_PCBP1	exon	0	42	1	128	160	44442	IDR
K562_PCBP1	downstream_intron	1	41	1	128	109	44493	IDR
K562_PCBP1	upstream_intron	7	35	16	113	895	43707	iCount
K562_PCBP1	exon	2	40	9	120	1088	43514	iCount
K562_PCBP1	downstream_intron	5	37	10	119	831	43771	iCount
K562_PCBP1	upstream_intron	0	42	0	129	101	44501	pureclip
K562_PCBP1	exon	0	42	4	125	71	44531	pureclip
K562_PCBP1	downstream_intron	2	40	1	128	87	44515	pureclip
K562_PCBP1	upstream_intron	1	41	1	128	172	44430	pureclip_bc1
K562_PCBP1	exon	1	41	6	123	139	44463	pureclip_bc1
K562_PCBP1	downstream_intron	2	40	1	128	162	44440	pureclip_bc1
K562_PHF6	upstream_intron	0	23	0	6	74	40506	IDR
K562_PHF6	exon	0	23	0	6	13	40567	IDR
K562_PHF6	downstream_intron	1	22	0	6	49	40531	IDR
K562_PHF6	upstream_intron	4	19	1	5	654	39926	iCount
K562_PHF6	exon	0	23	1	5	624	39956	iCount
K562_PHF6	downstream_intron	3	20	0	6	624	39956	iCount
K562_PHF6	upstream_intron	3	20	0	6	204	40376	pureclip
K562_PHF6	exon	0	23	0	6	44	40536	pureclip
K562_PHF6	downstream_intron	3	20	0	6	186	40394	pureclip
K562_PHF6	upstream_intron	3	20	0	6	241	40339	pureclip_bc1
K562_PHF6	exon	0	23	0	6	89	40491	pureclip_bc1
K562_PHF6	downstream_intron	3	20	0	6	222	40358	pureclip_bc1
K562_PPIL4	upstream_intron	0	87	0	43	5	44084	IDR
K562_PPIL4	exon	0	87	0	43	11	44078	IDR
K562_PPIL4	downstream_intron	0	87	0	43	5	44084	IDR
K562_PPIL4	upstream_intron	13	74	4	39	3022	41067	iCount
K562_PPIL4	exon	13	74	14	29	4720	39369	iCount
K562_PPIL4	downstream_intron	15	72	2	41	2928	41161	iCount
K562_PPIL4	upstream_intron	2	85	0	43	408	43681	pureclip
K562_PPIL4	exon	1	86	0	43	340	43749	pureclip
K562_PPIL4	downstream_intron	4	83	0	43	385	43704	pureclip
K562_PPIL4	upstream_intron	2	85	1	42	604	43485	pureclip_bc1
K562_PPIL4	exon	2	85	1	42	736	43353	pureclip_bc1
K562_PPIL4	downstream_intron	4	83	0	43	599	43490	pureclip_bc1
K562_PTBP1	upstream_intron	17	718	7	532	222	45937	IDR
K562_PTBP1	exon	6	729	0	539	46	46113	IDR
K562_PTBP1	downstream_intron	10	725	13	526	247	45912	IDR
K562_PTBP1	upstream_intron	98	637	35	504	1975	44184	iCount
K562_PTBP1	exon	45	690	43	496	2163	43996	iCount
K562_PTBP1	downstream_intron	56	679	47	492	1869	44290	iCount
K562_PTBP1	upstream_intron	13	722	7	532	318	45841	pureclip
K562_PTBP1	exon	3	732	0	539	83	46076	pureclip
K562_PTBP1	downstream_intron	12	723	10	529	302	45857	pureclip
K562_PTBP1	upstream_intron	19	716	7	532	396	45763	pureclip_bc1
K562_PTBP1	exon	5	730	0	539	122	46037	pureclip_bc1
K562_PTBP1	downstream_intron	13	722	10	529	356	45803	pureclip_bc1
K562_QKI	upstream_intron	3	15	0	10	132	39865	IDR
K562_QKI	exon	0	18	0	10	12	39985	IDR
K562_QKI	downstream_intron	0	18	5	5	126	39871	IDR
K562_QKI	upstream_intron	5	13	3	7	1013	38984	iCount
K562_QKI	exon	0	18	1	9	456	39541	iCount
K562_QKI	downstream_intron	3	15	6	4	1022	38975	iCount
K562_QKI	upstream_intron	2	16	0	10	52	39945	pureclip
K562_QKI	exon	0	18	0	10	9	39988	pureclip
K562_QKI	downstream_intron	0	18	4	6	72	39925	pureclip
K562_QKI	upstream_intron	4	14	0	10	95	39902	pureclip_bc1
K562_QKI	exon	0	18	0	10	16	39981	pureclip_bc1
K562_QKI	downstream_intron	0	18	5	5	100	39897	pureclip_bc1
K562_RBFOX2	upstream_intron	2	8	1	20	358	33649	IDR
K562_RBFOX2	exon	0	10	0	21	58	33949	IDR
K562_RBFOX2	downstream_intron	1	9	6	15	299	33708	IDR
K562_RBFOX2	upstream_intron	7	3	11	10	4390	29617	iCount
K562_RBFOX2	exon	6	4	8	13	4250	29757	iCount
K562_RBFOX2	downstream_intron	9	1	13	8	4337	29670	iCount
K562_RBFOX2	upstream_intron	0	10	2	19	831	33176	pureclip
K562_RBFOX2	exon	4	6	0	21	402	33605	pureclip
K562_RBFOX2	downstream_intron	3	7	8	13	924	33083	pureclip
K562_RBFOX2	upstream_intron	1	9	3	18	1163	32844	pureclip_bc1
K562_RBFOX2	exon	4	6	2	19	743	33264	pureclip_bc1
K562_RBFOX2	downstream_intron	3	7	10	11	1309	32698	pureclip_bc1
K562_RBM15	upstream_intron	10	274	14	2268	545	54244	IDR
K562_RBM15	exon	10	274	53	2229	881	53908	IDR
K562_RBM15	downstream_intron	7	277	23	2259	504	54285	IDR
K562_RBM15	upstream_intron	79	205	377	1905	7210	47579	iCount
K562_RBM15	exon	94	190	771	1511	14112	40677	iCount
K562_RBM15	downstream_intron	82	202	332	1950	6937	47852	iCount
K562_RBM15	upstream_intron	29	255	115	2167	2591	52198	pureclip
K562_RBM15	exon	47	237	257	2025	4888	49901	pureclip
K562_RBM15	downstream_intron	18	266	80	2202	2272	52517	pureclip
K562_RBM15	upstream_intron	31	253	131	2151	2942	51847	pureclip_bc1
K562_RBM15	exon	52	232	300	1982	5845	48944	pureclip_bc1
K562_RBM15	downstream_intron	23	261	92	2190	2594	52195	pureclip_bc1
K562_SAFB2	upstream_intron	0	4	0	0	28	48562	IDR
K562_SAFB2	exon	0	4	0	0	33	48557	IDR
K562_SAFB2	downstream_intron	0	4	0	0	30	48560	IDR
K562_SAFB2	upstream_intron	2	2	0	0	2691	45899	iCount
K562_SAFB2	exon	1	3	0	0	2668	45922	iCount
K562_SAFB2	downstream_intron	2	2	0	0	2768	45822	iCount
K562_SAFB2	upstream_intron	0	4	0	0	264	48326	pureclip
K562_SAFB2	exon	0	4	0	0	227	48363	pureclip
K562_SAFB2	downstream_intron	0	4	0	0	265	48325	pureclip
K562_SAFB2	upstream_intron	0	4	0	0	385	48205	pureclip_bc1
K562_SAFB2	exon	0	4	0	0	329	48261	pureclip_bc1
K562_SAFB2	downstream_intron	0	4	0	0	387	48203	pureclip_bc1
K562_SAFB	upstream_intron	0	83	0	94	15	40978	IDR
K562_SAFB	exon	2	81	0	94	18	40975	IDR
K562_SAFB	downstream_intron	1	82	0	94	9	40984	IDR
K562_SAFB	upstream_intron	20	63	8	86	3120	37873	iCount
K562_SAFB	exon	14	69	13	81	2889	38104	iCount
K562_SAFB	downstream_intron	22	61	16	78	3057	37936	iCount
K562_SAFB	upstream_intron	7	76	5	89	397	40596	pureclip
K562_SAFB	exon	3	80	1	93	309	40684	pureclip
K562_SAFB	downstream_intron	11	72	0	94	346	40647	pureclip
K562_SAFB	upstream_intron	7	76	7	87	591	40402	pureclip_bc1
K562_SAFB	exon	5	78	1	93	561	40432	pureclip_bc1
K562_SAFB	downstream_intron	13	70	1	93	561	40432	pureclip_bc1
K562_SDAD1	upstream_intron	0	9	0	6	20	41697	IDR
K562_SDAD1	exon	0	9	0	6	5	41712	IDR
K562_SDAD1	downstream_intron	0	9	0	6	14	41703	IDR
K562_SDAD1	upstream_intron	0	9	0	6	335	41382	iCount
K562_SDAD1	exon	0	9	0	6	518	41199	iCount
K562_SDAD1	downstream_intron	0	9	0	6	327	41390	iCount
K562_SDAD1	upstream_intron	0	9	0	6	40	41677	pureclip
K562_SDAD1	exon	0	9	0	6	9	41708	pureclip
K562_SDAD1	downstream_intron	0	9	0	6	36	41681	pureclip
K562_SDAD1	upstream_intron	0	9	0	6	48	41669	pureclip_bc1
K562_SDAD1	exon	0	9	0	6	11	41706	pureclip_bc1
K562_SDAD1	downstream_intron	0	9	0	6	42	41675	pureclip_bc1
K562_SLTM	upstream_intron	0	0	0	4	64	39175	IDR
K562_SLTM	exon	0	0	0	4	32	39207	IDR
K562_SLTM	downstream_intron	0	0	0	4	56	39183	IDR
K562_SLTM	upstream_intron	0	0	1	3	1355	37884	iCount
K562_SLTM	exon	0	0	1	3	1669	37570	iCount
K562_SLTM	downstream_intron	0	0	1	3	1255	37984	iCount
K562_SLTM	upstream_intron	0	0	0	4	140	39099	pureclip
K562_SLTM	exon	0	0	0	4	133	39106	pureclip
K562_SLTM	downstream_intron	0	0	0	4	140	39099	pureclip
K562_SLTM	upstream_intron	0	0	0	4	223	39016	pureclip_bc1
K562_SLTM	exon	0	0	1	3	273	38966	pureclip_bc1
K562_SLTM	downstream_intron	0	0	0	4	204	39035	pureclip_bc1
K562_SND1	upstream_intron	0	8	0	2	108	35883	IDR
K562_SND1	exon	0	8	0	2	664	35327	IDR
K562_SND1	downstream_intron	0	8	0	2	141	35850	IDR
K562_SND1	upstream_intron	3	5	0	2	2033	33958	iCount
K562_SND1	exon	2	6	0	2	5061	30930	iCount
K562_SND1	downstream_intron	0	8	0	2	2245	33746	iCount
K562_SND1	upstream_intron	0	8	0	2	389	35602	pureclip
K562_SND1	exon	0	8	0	2	1098	34893	pureclip
K562_SND1	downstream_intron	0	8	0	2	375	35616	pureclip
K562_SND1	upstream_intron	0	8	0	2	525	35466	pureclip_bc1
K562_SND1	exon	0	8	0	2	1660	34331	pureclip_bc1
K562_SND1	downstream_intron	0	8	0	2	509	35482	pureclip_bc1
K562_SRSF1	upstream_intron	15	1049	10	1744	189	43951	IDR
K562_SRSF1	exon	20	1044	58	1696	551	43589	IDR
K562_SRSF1	downstream_intron	3	1061	8	1746	205	43935	IDR
K562_SRSF1	upstream_intron	152	912	239	1515	3753	40387	iCount
K562_SRSF1	exon	178	886	603	1151	8546	35594	iCount
K562_SRSF1	downstream_intron	132	932	229	1525	3471	40669	iCount
K562_SRSF1	upstream_intron	34	1030	11	1743	412	43728	pureclip
K562_SRSF1	exon	40	1024	68	1686	1009	43131	pureclip
K562_SRSF1	downstream_intron	15	1049	11	1743	406	43734	pureclip
K562_SRSF1	upstream_intron	44	1020	25	1729	753	43387	pureclip_bc1
K562_SRSF1	exon	61	1003	164	1590	2045	42095	pureclip_bc1
K562_SRSF1	downstream_intron	26	1038	41	1713	738	43402	pureclip_bc1
K562_SRSF7	upstream_intron	0	86	0	220	67	51810	IDR
K562_SRSF7	exon	2	84	4	216	146	51731	IDR
K562_SRSF7	downstream_intron	0	86	1	219	30	51847	IDR
K562_SRSF7	upstream_intron	8	78	31	189	2476	49401	iCount
K562_SRSF7	exon	21	65	76	144	6421	45456	iCount
K562_SRSF7	downstream_intron	15	71	21	199	2218	49659	iCount
K562_SRSF7	upstream_intron	0	86	9	211	356	51521	pureclip
K562_SRSF7	exon	3	83	17	203	836	51041	pureclip
K562_SRSF7	downstream_intron	3	83	9	211	297	51580	pureclip
K562_SRSF7	upstream_intron	2	84	11	209	522	51355	pureclip_bc1
K562_SRSF7	exon	5	81	36	184	1458	50419	pureclip_bc1
K562_SRSF7	downstream_intron	5	81	10	210	508	51369	pureclip_bc1
K562_TARDBP	upstream_intron	13	417	2	1207	346	53942	IDR
K562_TARDBP	exon	16	414	4	1205	96	54192	IDR
K562_TARDBP	downstream_intron	20	410	15	1194	269	54019	IDR
K562_TARDBP	upstream_intron	50	380	137	1072	2378	51910	iCount
K562_TARDBP	exon	42	388	173	1036	3248	51040	iCount
K562_TARDBP	downstream_intron	67	363	145	1064	2531	51757	iCount
K562_TARDBP	upstream_intron	21	409	31	1178	737	53551	pureclip
K562_TARDBP	exon	19	411	37	1172	384	53904	pureclip
K562_TARDBP	downstream_intron	25	405	45	1164	732	53556	pureclip
K562_TARDBP	upstream_intron	21	409	37	1172	807	53481	pureclip_bc1
K562_TARDBP	exon	23	407	42	1167	454	53834	pureclip_bc1
K562_TARDBP	downstream_intron	32	398	46	1163	813	53475	pureclip_bc1
K562_TBRG4	upstream_intron	0	30	0	14	23	37156	IDR
K562_TBRG4	exon	0	30	0	14	1	37178	IDR
K562_TBRG4	downstream_intron	0	30	0	14	10	37169	IDR
K562_TBRG4	upstream_intron	9	21	2	12	999	36180	iCount
K562_TBRG4	exon	8	22	4	10	1105	36074	iCount
K562_TBRG4	downstream_intron	1	29	5	9	1031	36148	iCount
K562_TBRG4	upstream_intron	0	30	0	14	129	37050	pureclip
K562_TBRG4	exon	0	30	0	14	36	37143	pureclip
K562_TBRG4	downstream_intron	0	30	0	14	124	37055	pureclip
K562_TBRG4	upstream_intron	4	26	1	13	213	36966	pureclip_bc1
K562_TBRG4	exon	5	25	2	12	143	37036	pureclip_bc1
K562_TBRG4	downstream_intron	0	30	1	13	218	36961	pureclip_bc1
K562_TIA1	upstream_intron	0	39	1	34	301	42696	IDR
K562_TIA1	exon	1	38	1	34	157	42840	IDR
K562_TIA1	downstream_intron	5	34	1	34	912	42085	IDR
K562_TIA1	upstream_intron	20	19	18	17	7100	35897	iCount
K562_TIA1	exon	12	27	9	26	5375	37622	iCount
K562_TIA1	downstream_intron	21	18	19	16	10598	32399	iCount
K562_TIA1	upstream_intron	9	30	13	22	1515	41482	pureclip
K562_TIA1	exon	4	35	6	29	978	42019	pureclip
K562_TIA1	downstream_intron	9	30	10	25	2851	40146	pureclip
K562_TIA1	upstream_intron	10	29	14	21	2012	40985	pureclip_bc1
K562_TIA1	exon	5	34	6	29	1269	41728	pureclip_bc1
K562_TIA1	downstream_intron	13	26	11	24	3886	39111	pureclip_bc1
K562_TRA2A	upstream_intron	0	12	0	19	70	42088	IDR
K562_TRA2A	exon	0	12	0	19	222	41936	IDR
K562_TRA2A	downstream_intron	0	12	0	19	79	42079	IDR
K562_TRA2A	upstream_intron	1	11	0	19	2070	40088	iCount
K562_TRA2A	exon	1	11	3	16	4876	37282	iCount
K562_TRA2A	downstream_intron	2	10	4	15	2018	40140	iCount
K562_TRA2A	upstream_intron	0	12	0	19	323	41835	pureclip
K562_TRA2A	exon	0	12	0	19	560	41598	pureclip
K562_TRA2A	downstream_intron	0	12	0	19	307	41851	pureclip
K562_TRA2A	upstream_intron	0	12	0	19	394	41764	pureclip_bc1
K562_TRA2A	exon	0	12	0	19	748	41410	pureclip_bc1
K562_TRA2A	downstream_intron	0	12	0	19	390	41768	pureclip_bc1
K562_U2AF1	upstream_intron	9	428	6	1812	150	38845	IDR
K562_U2AF1	exon	11	426	21	1797	324	38671	IDR
K562_U2AF1	downstream_intron	3	434	15	1803	153	38842	IDR
K562_U2AF1	upstream_intron	139	298	440	1378	7319	31676	iCount
K562_U2AF1	exon	69	368	272	1546	4063	34932	iCount
K562_U2AF1	downstream_intron	90	347	284	1534	3803	35192	iCount
K562_U2AF1	upstream_intron	38	399	89	1729	1430	37565	pureclip
K562_U2AF1	exon	9	428	26	1792	445	38550	pureclip
K562_U2AF1	downstream_intron	12	425	49	1769	554	38441	pureclip
K562_U2AF1	upstream_intron	53	384	151	1667	2156	36839	pureclip_bc1
K562_U2AF1	exon	13	424	51	1767	687	38308	pureclip_bc1
K562_U2AF1	downstream_intron	22	415	73	1745	844	38151	pureclip_bc1
K562_U2AF2	upstream_intron	23	511	53	2166	450	39987	IDR
K562_U2AF2	exon	42	492	64	2155	932	39505	IDR
K562_U2AF2	downstream_intron	14	520	39	2180	373	40064	IDR
K562_U2AF2	upstream_intron	306	228	1236	983	17829	22608	iCount
K562_U2AF2	exon	182	352	774	1445	10580	29857	iCount
K562_U2AF2	downstream_intron	187	347	826	1393	10007	30430	iCount
K562_U2AF2	upstream_intron	151	383	596	1623	7304	33133	pureclip
K562_U2AF2	exon	55	479	197	2022	2403	38034	pureclip
K562_U2AF2	downstream_intron	74	460	305	1914	2884	37553	pureclip
K562_U2AF2	upstream_intron	157	377	657	1562	7987	32450	pureclip_bc1
K562_U2AF2	exon	58	476	235	1984	2950	37487	pureclip_bc1
K562_U2AF2	downstream_intron	80	454	312	1907	3057	37380	pureclip_bc1
K562_UCHL5	upstream_intron	4	61	0	44	719	41315	IDR
K562_UCHL5	exon	6	59	4	40	2261	39773	IDR
K562_UCHL5	downstream_intron	2	63	2	42	748	41286	IDR
K562_UCHL5	upstream_intron	25	40	11	33	6032	36002	iCount
K562_UCHL5	exon	36	29	26	18	12942	29092	iCount
K562_UCHL5	downstream_intron	31	34	18	26	6194	35840	iCount
K562_UCHL5	upstream_intron	5	60	2	42	1292	40742	pureclip
K562_UCHL5	exon	13	52	11	33	3058	38976	pureclip
K562_UCHL5	downstream_intron	5	60	9	35	1317	40717	pureclip
K562_UCHL5	upstream_intron	11	54	6	38	1705	40329	pureclip_bc1
K562_UCHL5	exon	16	49	12	32	4358	37676	pureclip_bc1
K562_UCHL5	downstream_intron	9	56	9	35	1634	40400	pureclip_bc1
K562_UTP3	upstream_intron	0	50	0	25	8	53283	IDR
K562_UTP3	exon	0	50	0	25	0	53291	IDR
K562_UTP3	downstream_intron	0	50	0	25	0	53291	IDR
K562_UTP3	upstream_intron	1	49	2	23	2064	51227	iCount
K562_UTP3	exon	6	44	3	22	2330	50961	iCount
K562_UTP3	downstream_intron	3	47	1	24	2066	51225	iCount
K562_UTP3	upstream_intron	0	50	0	25	29	53262	pureclip
K562_UTP3	exon	0	50	0	25	0	53291	pureclip
K562_UTP3	downstream_intron	0	50	0	25	20	53271	pureclip
K562_UTP3	upstream_intron	0	50	0	25	100	53191	pureclip_bc1
K562_UTP3	exon	0	50	0	25	11	53280	pureclip_bc1
K562_UTP3	downstream_intron	1	49	0	25	59	53232	pureclip_bc1
K562_WRN	upstream_intron	0	18	0	6	10	69215	IDR
K562_WRN	exon	0	18	0	6	9	69216	IDR
K562_WRN	downstream_intron	0	18	0	6	3	69222	IDR
K562_WRN	upstream_intron	3	15	0	6	1352	67873	iCount
K562_WRN	exon	1	17	0	6	1033	68192	iCount
K562_WRN	downstream_intron	1	17	0	6	1387	67838	iCount
K562_WRN	upstream_intron	0	18	0	6	37	69188	pureclip
K562_WRN	exon	0	18	0	6	16	69209	pureclip
K562_WRN	downstream_intron	0	18	0	6	57	69168	pureclip
K562_WRN	upstream_intron	0	18	0	6	56	69169	pureclip_bc1
K562_WRN	exon	2	16	0	6	23	69202	pureclip_bc1
K562_WRN	downstream_intron	0	18	0	6	45	69180	pureclip_bc1
K562_XRCC6	upstream_intron	0	284	0	276	112	49338	IDR
K562_XRCC6	exon	0	284	0	276	49	49401	IDR
K562_XRCC6	downstream_intron	1	283	0	276	75	49375	IDR
K562_XRCC6	upstream_intron	37	247	25	251	2613	46837	iCount
K562_XRCC6	exon	16	268	43	233	3443	46007	iCount
K562_XRCC6	downstream_intron	51	233	20	256	2547	46903	iCount
K562_XRCC6	upstream_intron	15	269	5	271	327	49123	pureclip
K562_XRCC6	exon	7	277	9	267	246	49204	pureclip
K562_XRCC6	downstream_intron	5	279	4	272	329	49121	pureclip
K562_XRCC6	upstream_intron	20	264	8	268	605	48845	pureclip_bc1
K562_XRCC6	exon	10	274	12	264	702	48748	pureclip_bc1
K562_XRCC6	downstream_intron	8	276	8	268	546	48904	pureclip_bc1
K562_ZC3H8	upstream_intron	0	242	1	190	188	68170	IDR
K562_ZC3H8	exon	0	242	0	191	36	68322	IDR
K562_ZC3H8	downstream_intron	7	235	1	190	185	68173	IDR
K562_ZC3H8	upstream_intron	15	227	4	187	2043	66315	iCount
K562_ZC3H8	exon	10	232	8	183	1899	66459	iCount
K562_ZC3H8	downstream_intron	29	213	9	182	2045	66313	iCount
K562_ZC3H8	upstream_intron	0	242	1	190	302	68056	pureclip
K562_ZC3H8	exon	0	242	0	191	63	68295	pureclip
K562_ZC3H8	downstream_intron	7	235	1	190	281	68077	pureclip
K562_ZC3H8	upstream_intron	0	242	1	190	322	68036	pureclip_bc1
K562_ZC3H8	exon	0	242	4	187	81	68277	pureclip_bc1
K562_ZC3H8	downstream_intron	8	234	1	190	321	68037	pureclip_bc1
K562_ZNF800	upstream_intron	0	1	1	4	115	45007	IDR
K562_ZNF800	exon	0	1	0	5	616	44506	IDR
K562_ZNF800	downstream_intron	0	1	0	5	172	44950	IDR
K562_ZNF800	upstream_intron	0	1	1	4	1337	43785	iCount
K562_ZNF800	exon	0	1	1	4	4254	40868	iCount
K562_ZNF800	downstream_intron	0	1	0	5	1353	43769	iCount
K562_ZNF800	upstream_intron	0	1	0	5	160	44962	pureclip
K562_ZNF800	exon	0	1	0	5	317	44805	pureclip
K562_ZNF800	downstream_intron	0	1	0	5	119	45003	pureclip
K562_ZNF800	upstream_intron	0	1	0	5	261	44861	pureclip_bc1
K562_ZNF800	exon	0	1	0	5	637	44485	pureclip_bc1
K562_ZNF800	downstream_intron	0	1	0	5	209	44913	pureclip_bc1
K562_ZRANB2	upstream_intron	0	19	0	14	51	42177	IDR
K562_ZRANB2	exon	0	19	1	13	36	42192	IDR
K562_ZRANB2	downstream_intron	0	19	1	13	34	42194	IDR
K562_ZRANB2	upstream_intron	3	16	0	14	3245	38983	iCount
K562_ZRANB2	exon	1	18	1	13	2420	39808	iCount
K562_ZRANB2	downstream_intron	3	16	2	12	3006	39222	iCount
K562_ZRANB2	upstream_intron	0	19	0	14	129	42099	pureclip
K562_ZRANB2	exon	0	19	0	14	37	42191	pureclip
K562_ZRANB2	downstream_intron	1	18	1	13	117	42111	pureclip
K562_ZRANB2	upstream_intron	0	19	0	14	205	42023	pureclip_bc1
K562_ZRANB2	exon	0	19	0	14	76	42152	pureclip_bc1
K562_ZRANB2	downstream_intron	1	18	2	12	175	42053	pureclip_bc1
HepG2_RBM22	upstream_intron	9	338	16	479	281	52958	IDR
HepG2_RBM22	exon	0	347	1	494	30	53209	IDR
HepG2_RBM22	downstream_intron	8	339	17	478	668	52571	IDR
HepG2_RBM22	upstream_intron	59	288	101	394	3929	49310	iCount
HepG2_RBM22	exon	49	298	68	427	3893	49346	iCount
HepG2_RBM22	downstream_intron	75	272	108	387	6561	46678	iCount
HepG2_RBM22	upstream_intron	15	332	24	471	600	52639	pureclip
HepG2_RBM22	exon	3	344	4	491	145	53094	pureclip
HepG2_RBM22	downstream_intron	23	324	39	456	1740	51499	pureclip
HepG2_RBM22	upstream_intron	17	330	30	465	1058	52181	pureclip_bc1
HepG2_RBM22	exon	7	340	10	485	375	52864	pureclip_bc1
HepG2_RBM22	downstream_intron	32	315	58	437	2552	50687	pureclip_bc1
K562_FXR1	upstream_intron	2	580	3	702	56	45629	IDR
K562_FXR1	exon	3	579	2	703	132	45553	IDR
K562_FXR1	downstream_intron	0	582	2	703	43	45642	IDR
K562_FXR1	upstream_intron	54	528	68	637	2443	43242	iCount
K562_FXR1	exon	90	492	125	580	7986	37699	iCount
K562_FXR1	downstream_intron	65	517	88	617	2458	43227	iCount
K562_FXR1	upstream_intron	7	575	6	699	467	45218	pureclip
K562_FXR1	exon	25	557	20	685	1310	44375	pureclip
K562_FXR1	downstream_intron	4	578	14	691	424	45261	pureclip
K562_FXR1	upstream_intron	8	574	9	696	528	45157	pureclip_bc1
K562_FXR1	exon	27	555	26	679	1626	44059	pureclip_bc1
K562_FXR1	downstream_intron	4	578	15	690	492	45193	pureclip_bc1
